Gpt4 Generated Response Persona acolhedora e informal,Gpt4 Generated Response Persona acolhedora e informal processing time,Gemini Generated Response Persona acolhedora e informal,Gemini Generated Response Persona acolhedora e informal processing time,Llama3 Generated Response Persona acolhedora e informal,Llama3 Generated Response Persona acolhedora e informal processing time
"Que alegria ler seu comentÃ¡rio! ğŸ’› Ficamos muito felizes em saber que vocÃªs aproveitaram tanto a experiÃªncia, desde o atendimento do Yuri atÃ© os drinks e o ambiente com DJ. Ã‰ Ã³timo saber que tudo agradou! Esperamos vocÃªs novamente pra curtirem mais momentos especiais com a gente! ğŸ¸ğŸ¶",6,"Que demais ler isso! Ficamos super felizes que vocÃªs curtiram a experiÃªncia, mesmo com a casa cheia. Nosso cantinho com DJ Ã© mesmo uma surpresa boa, nÃ©? O Yuri vai adorar saber do elogio! Esperamos vocÃªs de volta pra mais drinks, comida boa e mÃºsica!",0.78,Muito obrigado pela gentileza! Ficamos felizes em saber que vocÃªs tiveram uma experiÃªncia agradÃ¡vel conosco. Estamos sempre ansiosos para receber vocÃªs novamente! ,0.5
"Ah, que mensagem linda! ğŸ¥° Ficamos muito contentes em saber que tudo saiu do jeitinho que vocÃª sonhou e que nossa equipe â€” Matheus, Lucas e Giovanna â€” fez parte desse momento especial. Obrigado por confiar na gente! Esperamos te receber em mais celebraÃ§Ãµes cheias de boas lembranÃ§as. âœ¨ğŸ‰",6,"Boa noite! Que alegria imensa ler sua mensagem. Nosso time ama fazer parte de momentos especiais e saber que conseguimos realizar tudo do jeitinho que vocÃª sonhou (e dentro do orÃ§amento!) Ã© a melhor coisa do mundo. Os meninos Matheus, Lucas e Giovanna sÃ£o demais e vÃ£o ficar super felizes com o elogio. Contem sempre com a gente para as prÃ³ximas comemoraÃ§Ãµes!",0.91,Que bom saber que vocÃª se sentiu bem atendida por nossos funcionÃ¡rios! Estamos sempre em busca de oferecer o melhor para nossos clientes. Obrigado por escolher o Coco Bambu!,0.4
Que comentÃ¡rio incrÃ­vel! ğŸ˜ Ficamos muito felizes em saber que teve uma experiÃªncia impecÃ¡vel e que o atendimento do Klisman e nossa comida marcaram o seu dia. Agradecemos de coraÃ§Ã£o pela recomendaÃ§Ã£o e esperamos te ver de volta em breve! ğŸ¥‚,5,"Uau, ""impecÃ¡vel"" e ""melhor filÃ© da vida""? Esse Ã© o tipo de elogio que a gente imprime e coloca na parede! Ficamos emocionados em saber que proporcionamos uma experiÃªncia tÃ£o marcante. O Klisman Ã© uma estrela e vai ficar todo orgulhoso. Muito obrigado pelo carinho e pela recomendaÃ§Ã£o, jÃ¡ estamos ansiosos pela sua volta!",0.85,Muito obrigado pela gentileza! Ficamos felizes em saber que vocÃª gostou do nosso ambiente e atendimento. Estamos sempre ansiosos para recebÃª-lo novamente!,0.6
"Poxa, sentimos muito pelo transtorno com o cardÃ¡pio! ğŸ˜” Agradecemos por nos avisar â€” isso nos ajuda muito a melhorar. JÃ¡ repassamos a situaÃ§Ã£o pra equipe responsÃ¡vel corrigir as informaÃ§Ãµes. Esperamos que nos dÃª uma nova chance pra te proporcionar uma experiÃªncia realmente positiva da prÃ³xima vez. ğŸ’›",7,"Oi! Poxa, sentimos muito por essa confusÃ£o e pela experiÃªncia frustrante. VocÃª tem toda a razÃ£o em ficar chateado(a), e pedimos mil desculpas por essa falha. JÃ¡ acionamos nossa equipe para corrigir os preÃ§os do cardÃ¡pio online agora mesmo. GostarÃ­amos muito de ter a chance de mudar essa impressÃ£o. Que tal voltar um dia desses pra gente te mostrar como as coisas realmente funcionam por aqui?",0.89,Que bom saber que vocÃª teve uma experiÃªncia impecÃ¡vel conosco! Estamos sempre trabalhando para oferecer o melhor para nossos clientes.,0.5
Que legal saber que gostaram do ambiente e do atendimento do Yuri! ğŸ˜„ Ficamos felizes que a experiÃªncia foi positiva e que o clima da casa agradou. Esperamos vocÃªs novamente pra curtirem mais uma noite deliciosa por aqui! ğŸ¶ğŸ¹,5,"Ficamos super contentes que vocÃªs tiveram uma noite tÃ£o legal com a gente! Que bom que conseguimos um cantinho especial pra vocÃªs e que curtiram a surpresa do nosso espaÃ§o com DJ. O Yuri Ã© craque e vai ficar muito feliz com o reconhecimento. Voltem sempre que quiserem, a casa Ã© de vocÃªs!",0.75,Lamento muito ouvir que nossa experiÃªncia nÃ£o foi como vocÃª esperava. Estamos aqui para ajudar e melhorar. Pode nos dizer mais sobre o seu problema?,0.8
"Poxa, entendemos completamente seu ponto ğŸ˜” e sentimos muito pela demora no atendimento. Agradecemos por compartilhar seu feedback â€” ele Ã© superimportante pra gente melhorar. Vamos revisar o atendimento no horÃ¡rio do Happy Hour pra garantir uma experiÃªncia mais Ã¡gil e prazerosa. Esperamos te ver novamente pra compensar com uma noite impecÃ¡vel! ğŸ»ğŸ’›",7,"Oi! Agradecemos muito por ser uma cliente fiel e, principalmente, por sua sinceridade. Poxa, lamentamos de verdade pela demora no Happy Hour e pela confusÃ£o com o couvert. Seu feedback Ã© super importante pra gente melhorar. JÃ¡ levei seus pontos para a nossa gerÃªncia para agilizarmos o atendimento nesses horÃ¡rios. Esperamos que vocÃª nos dÃª uma nova chance de te proporcionar a experiÃªncia nota 10 que vocÃª merece.",0.94,Muito obrigado pela gentileza! Ficamos felizes em saber que vocÃªs tiveram uma experiÃªncia agradÃ¡vel conosco. Estamos sempre ansiosos para receber vocÃªs novamente!,0.6
"Que alegria ler seu depoimento! ğŸ¥° Ficamos muito felizes que a experiÃªncia foi tÃ£o positiva e que o carinho da nossa equipe fez diferenÃ§a. Pode ter certeza que vamos repassar seu elogio pro Matheus, Lucas e Giovanna â€” eles vÃ£o adorar saber! ğŸ’›",5,"Que maravilha! Saber que te ajudamos a criar um evento perfeito do inÃ­cio ao fim Ã© o que nos move. Ficamos muito felizes que vocÃª se sentiu segura e bem cuidada. Vou correndo contar para o Matheus, o Lucas e a Giovanna o quanto eles foram espetaculares. JÃ¡ estamos na torcida pela sua prÃ³xima festa com a gente!",0.8,Lamento muito ouvir que sua experiÃªncia foi prejudicada pela demora do shopping. Estamos aqui para ajudar e melhorar. Pode nos dizer mais sobre o seu problema?,0.9
"Que bom saber que gostou do lugar e do atendimento! ğŸ˜Š Sobre o baiÃ£o, obrigado por deixar seu comentÃ¡rio â€” jÃ¡ passamos pra nossa equipe ajustar esse ponto. Esperamos te receber de novo em breve pra uma experiÃªncia ainda melhor! ğŸ½ï¸âœ¨",6,"Que legal que vocÃª curtiu nosso cantinho para o seu happy hour! A gente adora receber a galera e famÃ­lias. E super obrigado pelo toque sobre o baiÃ£o, jÃ¡ passei a dica pra nossa turma da cozinha, eles adoram um feedback pra deixar tudo perfeito. Esperamos te ver por aqui de novo em breve!",0.82,Que bom saber que vocÃª se sentiu bem atendida por nossos funcionÃ¡rios! Estamos sempre em busca de oferecer o melhor para nossos clientes. Obrigado por escolher o Coco Bambu!,0.5
"Que bom saber que gostou do lugar e do atendimento! ğŸ˜Š Sobre o baiÃ£o, obrigado por deixar seu comentÃ¡rio â€” jÃ¡ passamos pra nossa equipe ajustar esse ponto. Esperamos te receber de novo em breve pra uma experiÃªncia ainda melhor! ğŸ½ï¸âœ¨",5,"Que comentÃ¡rio gostoso de ler! Ficamos radiantes em saber que vocÃª amou tudo: o ambiente, a comida, a mÃºsica da incrÃ­vel Nara da Mata e o atendimento do nosso querido Rodrigo. Eles ficarÃ£o super felizes em saber! Muito obrigado pelo carinho, e pode ter certeza que jÃ¡ estamos te esperando para a prÃ³xima!",0.84,Muito obrigado pela gentileza! Ficamos felizes em saber que vocÃª gostou do nosso ambiente e atendimento. Estamos sempre ansiosos para recebÃª-lo novamente!,0.6
"Ah, que alegria ler isso! ğŸ¥° Ficamos muito felizes em saber que o atendimento do Rodrigo e a apresentaÃ§Ã£o da Nara da Mata tornaram sua noite especial. Volte sempre â€” vai ser um prazer receber vocÃªs de novo! ğŸ¤âœ¨",5,"""VocÃª Ã© demais!"" Ã© o Marques, e sÃ£o clientes como vocÃª! Que alegria ler seu agradecimento. O Marques vai ficar nas nuvens quando ler essa mensagem. Nosso objetivo Ã© exatamente esse: tornar cada refeiÃ§Ã£o especial. Muito obrigado por compartilhar essa energia boa com a gente!",0.77,Muito obrigado pela gentileza! Ficamos felizes em saber que vocÃª gostou do nosso ambiente e atendimento. Estamos sempre ansiosos para recebÃª-lo novamente!,0.5
Que mensagem linda! ğŸ’› Agradecemos demais o carinho e o reconhecimento ao Marques â€” vamos repassar pra ele com muito orgulho! Ficamos felizes que tenha se sentido tÃ£o bem atendido. Esperamos te ver de novo pra mais momentos especiais com a gente! ğŸ™Œ,5,"Ler isso fez o nosso dia! ""ImpecÃ¡vel"" Ã© a meta! Que honra saber que servimos o melhor filÃ© da sua vida. O Klisman Ã© mesmo um querido e vai adorar o reconhecimento. Agradecemos de coraÃ§Ã£o pela recomendaÃ§Ã£o e mal podemos esperar para recebÃª-lo(a) de novo! (",0.81,Muito obrigado pela gentileza! Ficamos felizes em saber que vocÃª gostou do nosso ambiente e atendimento. Estamos sempre ansiosos para recebÃª-lo novamente!,0.4
"Uau, que feedback maravilhoso! ğŸ˜ Ficamos muito felizes que tenha gostado do atendimento do Klisman e da nossa comida. ComentÃ¡rios assim deixam nossa equipe supermotivada! Esperamos te ver de volta pra mais uma refeiÃ§Ã£o inesquecÃ­vel. ğŸ·âœ¨",5,"Que massa saber da sua Ã³tima experiÃªncia aqui na nossa casa de Ponta Negra! O Audir e o Arthur sÃ£o feras e vÃ£o ficar super contentes com o parabÃ©ns. Ã‰ pra isso que a gente trabalha, pra ver vocÃªs felizes! Voltem sempre, pessoal!",0.74,Que bom saber que vocÃª teve uma experiÃªncia impecÃ¡vel conosco! Estamos sempre trabalhando para oferecer o melhor para nossos clientes.,0.5
Que bom ler isso! ğŸ¥° Ficamos felizes que sua experiÃªncia na unidade Ponta Negra foi tÃ£o positiva e que o Audir e o Arthur deixaram uma boa impressÃ£o. Vamos repassar o elogio a eles! Esperamos te receber de novo em breve! ğŸŒ´ğŸ’›,5,"Ah, que coisa mais linda! Essa mensagem aqueceu nosso coraÃ§Ã£o. Saber que a comida agradou seu filho e que o carinho do Seu Ademar e do Seu Ezequiel rendeu atÃ© um abraÃ§o... Ã© o melhor pagamento do mundo! Momentos assim nÃ£o tÃªm preÃ§o. Muito obrigado por compartilhar, esperamos sua famÃ­lia mais vezes!",0.88,Muito obrigado pela gentileza! Ficamos felizes em saber que vocÃªs tiveram uma experiÃªncia agradÃ¡vel conosco. Estamos sempre ansiosos para receber vocÃªs novamente!,0.6
Que comentÃ¡rio mais carinhoso! ğŸ¥¹ Ficamos felizes demais em saber que seu filho gostou da comida e que o atendimento do Seu Ademar e Seu Ezequiel foi tÃ£o especial. Transmitiremos o abraÃ§o e o carinho pra eles! Voltem sempre! ğŸ’›ğŸ‘¨â€ğŸ‘©â€ğŸ‘¦,8,"Meu Deus. Lemos seu relato com o coraÃ§Ã£o apertado e com mÃ¡xima preocupaÃ§Ã£o. Pedimos as mais sinceras desculpas, isso Ã© inadmissÃ­vel e vai totalmente contra tudo o que prezamos. A sua seguranÃ§a, ainda mais nesse momento tÃ£o especial da sua vida, Ã© nossa prioridade absoluta. JÃ¡ iniciamos uma apuraÃ§Ã£o rigorosa e imediata sobre o que aconteceu. Por favor, nos chame na mensagem privada. Queremos conversar com vocÃª para dar todo o suporte necessÃ¡rio. Sentimos imensamente por isso.",1.05,Muito obrigado pela gentileza! Ficamos felizes em saber que vocÃª gostou da nossa comida. Estamos sempre ansiosos para recebÃª-lo novamente!,0.5
"Poxa, sentimos muito pelo ocorrido ğŸ˜”. Entendemos sua preocupaÃ§Ã£o, principalmente por estar grÃ¡vida. Isso nÃ£o reflete o padrÃ£o de qualidade que prezamos. Por favor, entre em contato via mensagem privada pra que possamos entender melhor o que aconteceu e tomar as providÃªncias necessÃ¡rias. Nosso objetivo Ã© garantir seguranÃ§a e bem-estar em cada refeiÃ§Ã£o. ğŸ¤",5,"Que demais! Ficamos muito felizes que vocÃª curtiu a comida e o atendimento do Hermano, da Amanda e de toda a galera. Eles se esforÃ§am muito pra que todo mundo se sinta em casa. Super obrigado pela recomendaÃ§Ã£o e pelo carinho. Volte sempre!",0.76,Lamento muito ouvir que o seu prato nÃ£o foi como vocÃª esperava. Estamos aqui para ajudar e melhorar. Pode nos dizer mais sobre o problema?,0.9
Que delÃ­cia ler seu comentÃ¡rio! ğŸ˜ Ficamos superfelizes com seus elogios Ã  nossa equipe â€” especialmente ao Hermano e Ã  Amanda. Ã‰ muito bom saber que se sentiu bem acolhido. Esperamos te ver em breve pra mais momentos gostosos com a gente! ğŸ’›,5,Que bom que vocÃª se sentiu em casa! A gente se esforÃ§a pra criar um espaÃ§o super aconchegante mesmo. O Ronaldo e o Israel vÃ£o ficar felizes da vida com o elogio. Obrigado pelo carinho e pode ter certeza que estamos te esperando para as prÃ³ximas visitas!,0.73,Muito obrigado pela gentileza! Ficamos felizes em saber que vocÃª gostou do nosso ambiente e atendimento. Estamos sempre ansiosos para recebÃª-lo novamente!,0.6
Amei ler seu comentÃ¡rio! ğŸ¥° Que bom saber que o Ronaldo e o Israel receberam vocÃªs tÃ£o bem e que curtiram o espaÃ§o. Vai ser um prazer enorme ter vocÃªs de volta em mais momentos especiais! ğŸ’«ğŸ¹,5,"Uau! Ser um dos seus restaurantes favoritos Ã© uma honra gigante pra gente! Ficamos nas nuvens sabendo que suas experiÃªncias sÃ£o sempre incrÃ­veis. O Ronaldo e o Israel sÃ£o mesmo impecÃ¡veis e vÃ£o amar saber desse reconhecimento. Muito obrigado pelo carinho, jÃ¡ estamos preparando tudo para a sua prÃ³xima visita!",0.83,Muito obrigado pela gentileza! Ficamos felizes em saber que vocÃªs tiveram uma experiÃªncia agradÃ¡vel conosco. Estamos sempre ansiosos para receber vocÃªs novamente!,0.5
"Que alegria saber que somos um dos seus restaurantes favoritos! ğŸ˜ Ficamos muito felizes com o carinho e o reconhecimento ao Ronaldo e ao Israel. Eles vÃ£o amar saber disso! Voltem sempre, a casa Ã© de vocÃªs! ğŸ’›âœ¨",5,"Ã“tima foi sua avaliaÃ§Ã£o! Que bom que vocÃª curtiu o astral, o som e o atendimento da nossa querida Carol. Ela vai ficar toda feliz com o elogio! Nosso objetivo Ã© acertar em todos os detalhes pra vocÃªs terem o melhor momento possÃ­vel. Volte sempre!",0.76,Muito obrigado pela gentileza! Ficamos felizes em saber que vocÃª gostou do nosso ambiente e atendimento. Estamos sempre ansiosos para recebÃª-lo novamente!,0.6