Gpt4 Generated Response Persona acolhedora e informal,Gpt4 Generated Response Persona acolhedora e informal processing time,Gemini Generated Response Persona acolhedora e informal,Gemini Generated Response Persona acolhedora e informal processing time,Llama3 Generated Response Persona acolhedora e informal,Gemini Generated Response Persona acolhedora e informal processing time
"Poxa, sentimos muito por saber que sua experiÃªncia nÃ£o foi como antes ğŸ˜” Nosso time estÃ¡ sempre em busca de manter o mesmo cuidado e carinho desde o inÃ­cio, e seu feedback Ã© super importante pra gente ajustar o que for preciso. Queremos muito te receber novamente e te mostrar que podemos fazer melhor! ğŸ’›",6.2,"Oi! Que bom que vocÃª continua curtindo nossa comida! Poxa, pedimos mil desculpas se o nosso atendimento deixou a desejar. Isso nÃ£o Ã© o padrÃ£o que a gente quer oferecer. Vamos conversar com a equipe para que todo mundo fique mais atento e o serviÃ§o seja tÃ£o gostoso quanto os pratos. Agradecemos muito pelo seu toque, Ã© super importante pra gente! Esperamos te ver de novo pra te mostrar que melhoramos.",9,"Ficamos com o coraÃ§Ã£o quentinho lendo isso! Que bom que vocÃª amou a nossa lasanha, ela Ã© feita com a receita secreta da Nona! Volte sempre!",120
Oi! Que bom saber que gostou dos pratos ğŸ˜Š Mas sentimos muito pela demora e pelo atendimento abaixo do esperado. Agradecemos por nos avisar â€” jÃ¡ estamos reforÃ§ando o cuidado da equipe pra garantir um atendimento mais Ã¡gil e atencioso da prÃ³xima vez. Esperamos te ver em breve pra uma experiÃªncia completa! ğŸ’›,5.9,"OlÃ¡! Ficamos felizes que vocÃª tenha gostado dos nossos pratos! Mas, poxa, sentimos muito pela demora e pela falta de atenÃ§Ã£o dos garÃ§ons. A gente sabe como isso pode atrapalhar a experiÃªncia. Vamos puxar a orelha da galera da cozinha e do salÃ£o pra agilizar as coisas e ficar mais de olho em vocÃªs. Obrigada por nos avisar! DÃª mais uma chance pra gente?",11,"Oi, pedimos desculpas pelo atraso e pela comida mal preparada. Nossa equipe estÃ¡ trabalhando em melhorar o serviÃ§o, mas parece que erramos nesse caso. Gostaria de oferecer uma compensaÃ§Ã£o por vocÃª ter passado por isso. Por favor, entre em contato com nossa equipe para discutir os detalhes.",240
"Sentimos muito mesmo por saber que sua experiÃªncia nÃ£o foi boa ğŸ˜” A gente entende sua frustraÃ§Ã£o e queremos muito melhorar. Vamos repassar seus apontamentos pra equipe responsÃ¡vel â€” especialmente sobre o atendimento e os pratos â€” pra que isso nÃ£o se repita. Se quiser nos dar uma nova chance, ficaremos felizes em te receber e surpreender de verdade! ğŸ’›",6.5,"Oi. Puxa, que pena ler o seu relato. Pedimos sinceras desculpas por essa experiÃªncia tÃ£o ruim. Comida, mÃºsica e atendimento sÃ£o os pilares da casa, e falhamos com vocÃª em todos eles. Isso nÃ£o deveria acontecer de jeito nenhum. Agradecemos por vocÃª ter tirado um tempo pra nos contar tudo isso, vamos levar seu feedback muito a sÃ©rio para rever tudo por aqui. GostarÃ­amos muito de ter a chance de mudar essa impressÃ£o.",13,"Sinto muito ouvir que sua experiÃªncia foi ruim em nossa unidade de Manaus. Queremos saber mais sobre o que aconteceu para poder melhorar. Se vocÃª puder, por favor, entre em contato conosco e compartilhe seus feedbacks. Estamos sempre procurando por maneiras de melhorar.",180
"Poxa, sentimos muito por toda a frustraÃ§Ã£o que vocÃª passou ğŸ˜” Entendemos totalmente sua insatisfaÃ§Ã£o e agradecemos por compartilhar tudo com tanto detalhe. Vamos levar seu relato pra nossa equipe responsÃ¡vel pra revisar o preparo e a comunicaÃ§Ã£o sobre o prato. Queremos te convidar pra voltar e viver uma experiÃªncia Ã  altura do que vocÃª merece ğŸ’›",6.8,"OlÃ¡. Lemos seu comentÃ¡rio com o coraÃ§Ã£o na mÃ£o e ficamos muito, muito tristes. Pedimos mil desculpas pela sua frustraÃ§Ã£o, Ã© totalmente compreensÃ­vel. O que aconteceu com a sua lagosta Ã© inaceitÃ¡vel e nÃ£o reflete o carinho que a gente coloca nos pratos. Esperar tanto tempo pra receber algo que decepciona nÃ£o Ã© justo. JÃ¡ levamos o seu relato para nossa diretoria e para o chef, isso vai ser investigado pra ontem. Por favor, vocÃª poderia nos chamar na DM? Queremos muito conversar com vocÃª e nos redimir por essa falha enorme.",15,"Entendemos! Nossa unidade Ã© um local movimentado, mas isso nÃ£o significa que o atendimento seja ruim. Gostaria de convidÃ¡-lo para uma nova experiÃªncia com nossa equipe em seu prÃ³ximo visitas. Talvez possamos surpreender vocÃª com um serviÃ§o melhor!",120
"Lamentamos muito pela sua experiÃªncia ğŸ˜” Nosso objetivo Ã© que cada visita seja agradÃ¡vel e saborosa, e sentimos por nÃ£o termos conseguido entregar isso dessa vez. Vamos revisar o ocorrido com a equipe e esperamos poder te receber de novo pra mudar essa impressÃ£o. ğŸ’›",6.1,"Oi! Puxa, que chato isso. Pedimos desculpas pela atitude do garÃ§om e por a comida nÃ£o ter te agradado, especialmente a macaxeira. Nossa intenÃ§Ã£o Ã© sempre que vocÃªs saiam daqui felizes e satisfeitos, e sentimos muito que nÃ£o foi o seu caso. Seu feedback sobre o cardÃ¡pio e os pratos Ã© super valioso pra gente repensar algumas coisas. Agradecemos a sinceridade e esperamos que vocÃª nos dÃª uma nova chance pra te mostrar uma experiÃªncia bem melhor.",14,Oi! A mÃºsica ao vivo Ã© uma das nossas caracterÃ­sticas mais legais. Queremos saber se vocÃª gostaria de experimentar algo novo conosco. Talvez possamos mostrar nosso melhor lado para vocÃª em sua prÃ³xima visita!,180
"Que alegria ler seu comentÃ¡rio! ğŸ˜ Ficamos super felizes em saber que vocÃª teve uma experiÃªncia tÃ£o boa e que o Wellington te atendeu com tanto carinho. JÃ¡ repassamos o elogio pra ele! Volte sempre, vai ser um prazer te receber de novo ğŸ’›",5.2,"Uau! Que demais ler isso! Ficamos super felizes que vocÃª curtiu tanto a sua experiÃªncia com a gente! Pode deixar que vamos dar um abraÃ§Ã£o no Wellington e contar pra ele do seu elogio, ele vai amar! Ã‰ por clientes como vocÃª que a gente se dedica tanto. JÃ¡ estamos te esperando pra prÃ³xima visita!",12,"Sinto muito! Pedimos desculpas pelo fato de a comida ter sido servida nÃ£o Ã  hora certa. Gostaria de oferecer uma compensaÃ§Ã£o por vocÃª ter passado por isso. Por favor, entre em contato conosco para discutir os detalhes.",240
Sentimos muito mesmo por essa situaÃ§Ã£o ğŸ˜” Isso estÃ¡ longe do atendimento que queremos oferecer. Agradecemos muito por compartilhar e vamos tratar o caso internamente com todo o cuidado. Queremos te convidar pra uma nova visita pra mostrar que podemos â€” e queremos â€” fazer diferente ğŸ’›,6.3,"Oi. Ficamos muito chateados em ler seu relato, ainda mais vindo de um cliente fiel como vocÃª. Pedimos desculpas do fundo do coraÃ§Ã£o. A queda no atendimento e, principalmente, a atitude que vocÃª descreveu, nÃ£o Ã© o que a gente preza por aqui. Respeito e atenÃ§Ã£o sÃ£o o mÃ­nimo! Pode ter certeza que vamos ter uma conversa bem sÃ©ria com a equipe e com o lÃ­der mencionado. Agradecemos muito a sua lealdade e por nos alertar. Esperamos reconquistar sua confianÃ§a.",15,"Sinto muito ouvir que sua experiÃªncia foi ruim em nossa unidade de Manaus. Queremos saber mais sobre o que aconteceu para poder melhorar. Se vocÃª puder, por favor, entre em contato conosco e compartilhe seus feedbacks.",180
"Poxa, sentimos muito que sua experiÃªncia nÃ£o tenha sido boa ğŸ˜” A gente se preocupa muito com a qualidade e o frescor dos pratos, e o que vocÃª descreveu nÃ£o estÃ¡ dentro do nosso padrÃ£o. Vamos rever isso com a equipe de cozinha e esperamos te surpreender positivamente numa prÃ³xima! ğŸ’›",5.8,"OlÃ¡. Poxa, sentimos muito que essa tem sido a sua impressÃ£o sobre a nossa comida. Tudo aqui Ã© pra ser feito na hora, com todo o frescor, e Ã© muito ruim saber que nÃ£o foi isso que chegou na sua mesa. Pedimos desculpas de verdade. Vamos passar esse recado direto pra nossa cozinha. Queremos muito que suas visitas aqui sejam por prazer, nÃ£o por obrigaÃ§Ã£o. Tomara que vocÃª nos dÃª uma chance de te surpreender positivamente.",13,"Ficamos felizes com sua resposta! Estamos sempre procurando por maneiras de melhorar nosso serviÃ§o e nossa comida. Gostaria de convidÃ¡-lo para uma nova experiÃªncia conosco, talvez vocÃª possa experimentar mais de nossas delÃ­cias!",120
Sentimos muito por essa experiÃªncia decepcionante ğŸ˜” Agradecemos sinceramente por compartilhar o relato â€” ele Ã© essencial pra que possamos corrigir o que nÃ£o saiu bem. Queremos muito te receber novamente pra reverter essa impressÃ£o e oferecer a qualidade que vocÃª jÃ¡ conhece das outras unidades ğŸ’›,6.4,"Oi! Que mancada a nossa. Pedimos mil desculpas por essa experiÃªncia pÃ©ssima, ainda mais por vocÃª jÃ¡ conhecer e gostar de outras unidades nossas. Ficamos com vergonha. A demora e a comida fria sÃ£o erros graves e a gente vai investigar o que rolou pra isso nÃ£o se repetir. Agradecemos o seu feedback e esperamos ter a chance de mostrar que a unidade de Manaus tambÃ©m pode ser incrÃ­vel.",14,"Sinto muito! Pedimos desculpas pelo fato de a comida ter levado tempo para chegar Ã  mesa. Gostaria de oferecer uma compensaÃ§Ã£o por vocÃª ter passado por isso. Por favor, entre em contato conosco para discutir os detalhes.",240
"Poxa, sentimos muito pelo transtorno e entendemos completamente sua insatisfaÃ§Ã£o ğŸ˜” Essa nÃ£o Ã© a experiÃªncia que queremos proporcionar. Vamos reforÃ§ar com a equipe pra garantir que a comunicaÃ§Ã£o e o estoque do happy hour estejam sempre alinhados. Esperamos te receber de novo pra te mostrar uma experiÃªncia justa e deliciosa ğŸ’›",6.2,"Oi! Poxa, que situaÃ§Ã£o chata e frustrante. Pedimos muitas desculpas por isso, ainda mais por nÃ£o ser a primeira vez. VocÃª tem toda a razÃ£o, se estÃ¡ na promoÃ§Ã£o, tem que ter pra servir! Isso que aconteceu nÃ£o Ã© legal e nÃ£o Ã© a forma como a gente quer trabalhar. JÃ¡ estamos alinhando com a equipe pra que isso nÃ£o aconteÃ§a mais. Obrigado pela paciÃªncia e pelo alerta.",13,"Entendemos! Nossa equipe estÃ¡ trabalhando em melhorar o serviÃ§o, mas parece que erramos nesse caso. Gostaria de oferecer uma compensaÃ§Ã£o por vocÃª ter passado por isso. Por favor, entre em contato conosco para discutir os detalhes.",120
Sentimos muito mesmo por tudo que aconteceu ğŸ˜” Essa nÃ£o Ã© a forma como queremos que nossos clientes sejam atendidos. Vamos revisar com a equipe o que ocorreu pra evitar que se repita. Esperamos poder te receber novamente e mudar completamente essa impressÃ£o ğŸ’›,6,"Nossa... Lemos o seu comentÃ¡rio e ficamos sem palavras. Pedimos desculpas do fundo do coraÃ§Ã£o por essa experiÃªncia horrÃ­vel. VocÃª estÃ¡ coberto de razÃ£o, a demora e a desorganizaÃ§Ã£o que vocÃª descreveu sÃ£o inaceitÃ¡veis. A gente entende perfeitamente a sua decisÃ£o de ir embora. Sentimos muito, de verdade, por essa falha gigantesca. Vamos usar seu comentÃ¡rio como um choque de realidade pra arrumar a casa.",14,"Ficamos felizes com sua resposta! Estamos sempre procurando por maneiras de melhorar nosso serviÃ§o e nossa comida. Gostaria de convidÃ¡-lo para uma nova experiÃªncia conosco, talvez vocÃª possa experimentar mais de nossas delÃ­cias!",180
"Poxa, lamentamos de verdade pela demora e pela comida nÃ£o ter chegado do jeitinho certo ğŸ˜” Vamos reforÃ§ar com a cozinha e o salÃ£o pra garantir mais agilidade e qualidade. Agradecemos pelo feedback e esperamos te ver novamente pra te oferecer uma experiÃªncia bem melhor ğŸ’›",5.7,Oi. Sentimos muitÃ­ssimo pela sua pÃ©ssima experiÃªncia. Uma hora de espera pra receber comida fria e uma porÃ§Ã£o que nÃ£o agrada Ã© de chatear qualquer um. E a gente fica arrasado com isso. Pedimos mil desculpas. Estamos revendo os processos na nossa cozinha pra que ninguÃ©m mais passe por isso. Agradecemos seu feedback e esperamos que nos dÃª uma nova chance de fazer tudo certo.,13,"Sinto muito ouvir que sua experiÃªncia foi ruim em nossa unidade de Manaus. Queremos saber mais sobre o que aconteceu para poder melhorar. Se vocÃª puder, por favor, entre em contato conosco e compartilhe seus feedbacks.",120
Sentimos muito por toda a demora e frustraÃ§Ã£o ğŸ˜” Sabemos o quanto Ã© chato esperar alÃ©m do esperado e jÃ¡ estamos revendo os processos pra melhorar isso. Esperamos te receber de novo pra te mostrar que conseguimos â€” e queremos â€” fazer diferente ğŸ’›,5.9,"Oi. VocÃª tem toda a razÃ£o e nÃ³s pedimos muitas desculpas pela demora absurda. ""Eternidade"" nÃ£o Ã© o tempo de espera que queremos oferecer. Ficamos muito preocupados e envergonhados em saber que nÃ£o foi um caso isolado. Estamos trabalhando para entender onde estÃ¡ o gargalo e melhorar nossa estrutura pra atender todo mundo com o carinho e a agilidade que vocÃªs merecem. Obrigado pelo puxÃ£o de orelha.",14,"Sinto muito ouvir que sua experiÃªncia foi ruim em nossa unidade de Manaus. Queremos saber mais sobre o que aconteceu para poder melhorar. Se vocÃª puder, por favor, entre em contato conosco e compartilhe seus feedbacks.",240
"Poxa, sentimos muito pelo atendimento e pelo chopp nÃ£o estarem Ã  altura ğŸ˜” Ficamos felizes que tenha gostado da comida, mas queremos que tudo esteja impecÃ¡vel. Vamos cuidar disso internamente e esperamos te receber novamente pra mudar essa impressÃ£o ğŸ’›",6.1,"OlÃ¡! Que bom que, no fim das contas, vocÃª gostou da nossa comida! Mas poxa, pedimos mil desculpas por todo o resto. Atendimento lento e chopp quente nÃ£o combinam com a experiÃªncia que queremos pra vocÃªs. Vamos conversar com a equipe pra entender o que aconteceu e garantir que o atendimento seja tÃ£o bom quanto a comida. Valeu pelo toque!",12,"Ficamos felizes com sua resposta! Estamos sempre procurando por maneiras de melhorar nosso serviÃ§o e nossa comida. Gostaria de convidÃ¡-lo para uma nova experiÃªncia conosco, talvez vocÃª possa experimentar mais de nossas delÃ­cias!",180
"Poxa, entendemos totalmente sua frustraÃ§Ã£o ğŸ˜” Sentimos muito pela informaÃ§Ã£o desencontrada, isso nÃ£o deveria ter acontecido. JÃ¡ estamos verificando pra alinhar nossos canais e evitar esse tipo de situaÃ§Ã£o. Esperamos te ver novamente pra uma experiÃªncia bem mais leve e gostosa ğŸ’›",5.8,"Puxa vida, que chato estragar uma comemoraÃ§Ã£o tÃ£o importante! Pedimos mil desculpas, do fundo do nosso coraÃ§Ã£o. Ficamos muito tristes em saber que vocÃªs se sentiram enganados. A informaÃ§Ã£o tem que ser a mesma em todo lugar, e nÃ³s falhamos nisso. JÃ¡ estamos alinhando a comunicaÃ§Ã£o pra que esse erro nÃ£o se repita. GostarÃ­amos muito de ter uma oportunidade de celebrar o aniversÃ¡rio do seu marido com vocÃªs do jeito certo. Que tal?",14,"Sinto muito! Pedimos desculpas pelo fato de a comida ter levado tempo para chegar Ã  mesa. Gostaria de oferecer uma compensaÃ§Ã£o por vocÃª ter passado por isso. Por favor, entre em contato conosco para discutir os detalhes.",120
Lamentamos muito pela experiÃªncia ruim ğŸ˜” Isso estÃ¡ longe do que queremos oferecer. Seu feedback Ã© muito importante pra gente ajustar tudo que for preciso. Esperamos poder te receber de novo e te proporcionar uma vivÃªncia bem melhor ğŸ’›,5.6,"Oi. Lemos seu comentÃ¡rio e ficamos genuinamente arrasados. Parece que tudo deu errado na sua visita, e por isso, pedimos as mais sinceras desculpas. Comida, bebida, atendimento... nada disso deveria ter acontecido. Seu feedback Ã© um soco no estÃ´mago, mas importante pra gente acordar e melhorar. Sentimos muito mesmo por essa pÃ©ssima impressÃ£o que deixamos.",13,"Sinto muito ouvir que sua experiÃªncia foi ruim em nossa unidade de Manaus. Queremos saber mais sobre o que aconteceu para poder melhorar. Se vocÃª puder, por favor, entre em contato conosco e compartilhe seus feedbacks.",120
Sentimos muito pelo transtorno com o pedido ğŸ˜” Isso definitivamente nÃ£o representa o cuidado que queremos ter. Vamos reforÃ§ar com a equipe de delivery pra evitar que isso aconteÃ§a novamente. Esperamos poder te surpreender positivamente numa prÃ³xima ğŸ’›,6,"OlÃ¡! Poxa, que mancada a nossa. Pedimos desculpas pelo atraso e, principalmente, por a sua comida ter chegado fria. A experiÃªncia do delivery tem que ser tÃ£o boa quanto a do restaurante. E a gente lamenta mais ainda por nÃ£o termos te dado a atenÃ§Ã£o devida quando vocÃª ligou. Vamos reavaliar nossa logÃ­stica de entrega e treinar melhor a equipe que atende o telefone. Por favor, nos chame no privado, queremos consertar isso com vocÃª.",14,"Sinto muito! Pedimos desculpas pelo fato de a comida ter levado tempo para chegar Ã  mesa. Gostaria de oferecer uma compensaÃ§Ã£o por vocÃª ter passado por isso. Por favor, entre em contato conosco para discutir os detalhes.",120
"Poxa, sentimos muito por saber que sua experiÃªncia nÃ£o foi como esperava ğŸ˜” Agradecemos pelo retorno â€” ele nos ajuda a melhorar. Esperamos poder te receber de novo pra te proporcionar uma visita que realmente valha a pena ğŸ’›",5.5,"Oi. A gente fica triste em saber que a sua experiÃªncia nÃ£o valeu a pena e que vocÃª nÃ£o pensa em voltar. Nosso maior objetivo Ã© que vocÃªs sintam que cada momento aqui Ã© especial e valeu o investimento. Agradecemos muito a sua sinceridade, ela nos ajuda a enxergar onde precisamos melhorar. Quem sabe um dia vocÃª nÃ£o nos dÃ¡ uma nova chance? GostarÃ­amos muito de surpreender vocÃª.",12,"Ficamos felizes em saber que vocÃª estÃ¡ satisfeita! Estamos sempre procurando por maneiras de melhorar nosso serviÃ§o e nossa comida. Gostaria de convidÃ¡-lo para uma nova experiÃªncia conosco, talvez vocÃª possa experimentar mais de nossas delÃ­cias!",240