Gpt4 Generated Response Persona sofisticada e formal,Gpt4 Generated Response Persona sofisticada e formal processing time,Gemini Generated Response Persona sofisticada e formal,Gemini Generated Response Persona sofisticada e formal processing time,Llama3 Generated Response Persona sofisticada e formal,Llama3 Generated Response Persona sofisticada e formalprocessing time
"Que satisfaÃ§Ã£o receber um relato tÃ£o encantador! Ficamos felizes em saber que desfrutaram de uma experiÃªncia agradÃ¡vel e que o atendimento do Sr. Yuri e o ambiente superaram suas expectativas. SerÃ¡ um prazer recebÃª-los novamente para novas experiÃªncias repletas de boa mÃºsica, gastronomia e momentos memorÃ¡veis. ğŸ¸âœ¨",7,"Prezado(a) cliente, Ã© com imensa satisfaÃ§Ã£o que recebemos seu relato. Ficamos honrados em saber que conseguimos proporcionar-lhe um ambiente agradÃ¡vel e que a experiÃªncia em nosso espaÃ§o com DJ tenha sido uma grata surpresa. Agradecemos o reconhecimento ao atendimento de nosso colaborador, Sr. Yuri, e celebraremos com nossa equipe de bar e cozinha os elogios aos drinks e Ã  culinÃ¡ria. SerÃ¡ um privilÃ©gio recebÃª-lo(a) novamente em breve.",0.75,"Obrigado por compartilhar sua experiÃªncia agradÃ¡vel conosco! Estamos felizes em saber que vocÃª se divertiu e apreciou nossa mÃºsica eletrÃ´nica, comida deliciosa e drinks temÃ¡ticos. Estamos ansiosos para recebÃª-lo novamente!",10
"Agradecemos imensamente por compartilhar sua experiÃªncia conosco. Ã‰ uma alegria saber que nossa equipe â€” em especial Matheus, Lucas e Giovanna â€” contribuiu para tornar seu evento exatamente como imaginava. Prezamos pela excelÃªncia em cada detalhe, e serÃ¡ uma honra recebÃª-la novamente em futuras ocasiÃµes. ğŸŒ¿ğŸ’«",6,"Estimada cliente, agradecemos imensamente por compartilhar sua experiÃªncia conosco. Ã‰ gratificante saber que nossa equipe, desde o planejamento inicial atÃ© a execuÃ§Ã£o de seu evento, superou suas expectativas. Seus gentis elogios aos colaboradores Matheus, Lucas e Giovanna serÃ£o devidamente transmitidos; eles sÃ£o um reflexo do nosso compromisso com a excelÃªncia e a seguranÃ§a em cada detalhe. Esperamos ter a honra de recebÃª-la em futuras celebraÃ§Ãµes.",0.81,Obrigado por sua gentileza e compreensÃ£o! Estamos felizes em saber que nossa equipe foi capaz de atender Ã s suas necessidades e fazer seu evento especial com sucesso. Seja bem-vindo a nossas outras promoÃ§Ãµes!,11
Que honra receber um comentÃ¡rio tÃ£o elogioso! Ficamos profundamente gratos por suas palavras e pela recomendaÃ§Ã£o. Ã‰ gratificante saber que o Sr. Klisman e nossa gastronomia proporcionaram um momento memorÃ¡vel. Esperamos recebÃª-lo em breve para mais experiÃªncias impecÃ¡veis. ğŸ¥‚âœ¨,6,"Prezado(a) cliente, sua avaliaÃ§Ã£o nos enche de orgulho e satisfaÃ§Ã£o. Receber um elogio de tamanha magnitude sobre nosso filÃ© tornedÃ³ Ã© a maior recompensa para nossa equipe de cozinha. Agradecemos por destacar a simpatia e o serviÃ§o de nosso colaborador Klisman, cujo profissionalismo Ã© um pilar de nossa casa. Ã‰ uma honra servi-lo(a), e esperamos ansiosamente por sua prÃ³xima visita para que possamos encantÃ¡-lo(a) novamente.",0.88,"Obrigado por sua avaliaÃ§Ã£o positiva! Estamos felizes em saber que vocÃª gostou do ambiente acolhedor, sofisticaÃ§Ã£o e Ã³timo atendimento de nossa equipe. NÃ£o deixe de nos visitar novamente!",13
Lamentamos sinceramente pelo transtorno causado pela divergÃªncia de valores. Agradecemos por nos sinalizar essa situaÃ§Ã£o â€” seu feedback Ã© essencial para aprimorarmos nossos processos. JÃ¡ encaminhamos o ocorrido Ã  equipe responsÃ¡vel para correÃ§Ã£o imediata. Esperamos recebÃª-lo novamente para que possa vivenciar uma experiÃªncia Ã  altura do nosso padrÃ£o de excelÃªncia. ğŸ¤,8,"Prezado(a) cliente, lamentamos profundamente pela insatisfaÃ§Ã£o e pela inconveniÃªncia causada pela divergÃªncia de preÃ§os em nosso cardÃ¡pio online. Pedimos sinceras desculpas pelo ocorrido. Esta nÃ£o Ã© a experiÃªncia que nos esforÃ§amos para oferecer. Asseguramos que sua observaÃ§Ã£o foi encaminhada com urgÃªncia Ã  nossa equipe responsÃ¡vel para a imediata correÃ§Ã£o. Convidamo-lo(a) a retornar, para que possamos reverter essa impressÃ£o e oferecer-lhe a experiÃªncia impecÃ¡vel que merece.",0.95,Obrigado por compartilhar sua experiÃªncia impecÃ¡vel conosco! Estamos felizes em saber que vocÃª apreciou a comida deliciosa e o Ã³timo atendimento de nosso garÃ§om Klisman. VocÃª Ã© bem-vindo a nossas outras unidades!,14
Ficamos encantados em saber que apreciaram tanto o ambiente quanto a atenÃ§Ã£o do Sr. Yuri. Ã‰ gratificante saber que o espaÃ§o e a proposta musical os surpreenderam positivamente. SerÃ¡ um prazer recebÃª-los novamente para mais momentos especiais. ğŸ¶âœ¨,6,"Agradecemos sinceramente por sua avaliaÃ§Ã£o tÃ£o positiva. Ã‰ um prazer saber que desfrutou de nosso ambiente, mesmo em uma noite movimentada, e que o atendimento do Sr. Yuri contribuiu para uma experiÃªncia memorÃ¡vel. Ficamos felizes que nosso espaÃ§o reservado com DJ tenha lhe agradado. Esperamos que retorne em breve para criar novas e excelentes recordaÃ§Ãµes conosco.",0.72,Lamento ouvir que sua experiÃªncia foi decepcionante. Agradecemos suas observaÃ§Ãµes sobre o cardÃ¡pio online e faremos o necessÃ¡rio para melhorar. Seja bem-vindo a nos visitar novamente!,10
"Agradecemos por compartilhar sua experiÃªncia e lamentamos sinceramente pela demora no atendimento durante o horÃ¡rio de maior movimento. Compreendemos perfeitamente sua observaÃ§Ã£o e jÃ¡ encaminhamos seu feedback Ã  gerÃªncia para revisÃ£o dos processos no Happy Hour. Esperamos recebÃª-la novamente em breve, com uma experiÃªncia ainda mais Ã¡gil e agradÃ¡vel. ğŸ·",8,"Prezada cliente, agradecemos sua fidelidade e, principalmente, seu valioso feedback. Lamentamos sinceramente que a sua experiÃªncia durante o Happy Hour nÃ£o tenha correspondido Ã s suas expectativas, especialmente no que tange ao tempo de atendimento. Suas observaÃ§Ãµes sÃ£o cruciais e serÃ£o discutidas com nossa gerÃªncia para otimizar nossos processos em horÃ¡rios de pico. GostarÃ­amos de tÃª-la conosco novamente para demonstrar nosso compromisso com a sua satisfaÃ§Ã£o.",0.92,"Obrigado por compartilhar sua experiÃªncia agradÃ¡vel conosco! Estamos felizes em saber que vocÃª se divertiu e apreciou nossa mÃºsica eletrÃ´nica, comida deliciosa e drinks temÃ¡ticos. Estamos ansiosos para recebÃª-lo novamente!",15
"Ficamos profundamente gratos por suas palavras gentis. Ã‰ uma grande satisfaÃ§Ã£o saber que nossa equipe, especialmente Matheus, Lucas e Giovanna, proporcionou um atendimento atencioso e uma experiÃªncia Ã  altura das suas expectativas. Esperamos revÃª-la em breve para novas celebraÃ§Ãµes. ğŸŒº",6,"Ficamos imensamente felizes em ler seu feedback. Ã‰ um prazer saber que todo o processo, desde a negociaÃ§Ã£o atÃ© a montagem de sua mesa, foi satisfatÃ³rio e transmitiu a seguranÃ§a que prezamos. Agradecemos por reconhecer a dedicaÃ§Ã£o de Matheus, Lucas e Giovanna. SerÃ¡ um prazer atendÃª-la novamente em uma prÃ³xima oportunidade.",0.78,Lamento ouvir que sua experiÃªncia foi frustrante devido Ã  demora no atendimento durante a promoÃ§Ã£o Happy Hour. Agradecemos suas observaÃ§Ãµes e faremos o necessÃ¡rio para melhorar. Seja bem-vindo a nos visitar novamente!,12
"Agradecemos por compartilhar sua experiÃªncia! Ficamos felizes que tenha apreciado o ambiente e o atendimento. Sobre o ponto mencionado no baiÃ£o, seu comentÃ¡rio foi encaminhado Ã  equipe de cozinha para os devidos ajustes. Esperamos recebÃª-lo novamente para uma nova e ainda melhor experiÃªncia. ğŸ½ï¸âœ¨",7,Agradecemos por nos escolher para seu happy hour e por suas amÃ¡veis palavras sobre nosso ambiente e sofisticaÃ§Ã£o. Recebemos sua observaÃ§Ã£o sobre o ponto de cozimento do feijÃ£o baiÃ£o e informamos que seu feedback jÃ¡ foi repassado ao nosso chef executivo para revisÃ£o. A excelÃªncia culinÃ¡ria Ã© nosso objetivo constante. Esperamos recebÃª-lo(a) novamente para uma experiÃªncia gastronÃ´mica plenamente satisfatÃ³ria.,0.85,Obrigado por sua gentileza e compreensÃ£o! Estamos felizes em saber que nossa equipe foi capaz de atender Ã s suas necessidades e fazer seu evento especial com sucesso. Seja bem-vindo a nossas outras promoÃ§Ãµes!,11
"Que alegria saber que desfrutaram de uma noite tÃ£o agradÃ¡vel! Agradecemos pelo reconhecimento Ã  nossa equipe e Ã  cantora Nara da Mata, que se dedicam a proporcionar momentos Ãºnicos. Esperamos recebÃª-los novamente em breve para mais experiÃªncias memorÃ¡veis. ğŸ¶ğŸŒ·",6,"Estimado(a) cliente, que alegria receber seu comentÃ¡rio. Ficamos encantados em saber que o ambiente aconchegante, nossa culinÃ¡ria, a apresentaÃ§Ã£o da cantora Nara da Mata e, especialmente, a gentileza de nosso atendente Rodrigo, tornaram sua visita especial. Sua satisfaÃ§Ã£o Ã© nossa maior inspiraÃ§Ã£o. Aguardamos ansiosamente o seu retorno.",0.79,"Obrigado por sua avaliaÃ§Ã£o positiva! Estamos felizes em saber que vocÃª gostou do ambiente acolhedor, sofisticaÃ§Ã£o e Ã³timo atendimento de nossa equipe. NÃ£o deixe de nos visitar novamente!",13
Que bela mensagem! Agradecemos imensamente o reconhecimento ao garÃ§om Marques. Ficamos honrados em saber que ele contribuiu para tornar sua refeiÃ§Ã£o especial. Compartilharemos suas palavras com ele e com toda a equipe. Esperamos revÃª-lo em breve. ğŸ·âœ¨,6,"Ã‰ com grande alegria que recebemos seu agradecimento. O profissionalismo e a atenÃ§Ã£o aos detalhes sÃ£o valores fundamentais para nossa equipe. Faremos questÃ£o de parabenizar o garÃ§om Marques por seu atendimento exemplar, que tornou sua experiÃªncia ainda mais especial. Muito obrigado por sua gentileza. Esperamos revÃª-lo(a) em breve.",0.77,"Obrigado por compartilhar sua experiÃªncia agradÃ¡vel conosco! Estamos felizes em saber que vocÃª se divertiu e apreciou a comida deliciosa, Ã³timo atendimento e mÃºsica do cantor Nara da Mata. VocÃª Ã© bem-vindo a nossas outras unidades!",12
"Ficamos imensamente felizes com suas palavras! Saber que apreciou nosso atendimento e gastronomia Ã© motivo de grande satisfaÃ§Ã£o. Transmitiremos ao colaborador Klisman seus elogios, que certamente ficarÃ¡ honrado. Esperamos recebÃª-lo novamente em breve. ğŸŒ¿ğŸ¥‚",6,Seu comentÃ¡rio Ã© a personificaÃ§Ã£o do que buscamos oferecer: uma experiÃªncia impecÃ¡vel. Sentimo-nos honrados por seus elogios Ã  nossa gastronomia e ao serviÃ§o prestado pelo colaborador Klisman. Saber que proporcionamos um momento tÃ£o marcante Ã© nossa maior recompensa. SerÃ¡ um prazer imenso recebÃª-lo(a) novamente.,0.8,Agradecemos sua gentileza por ter elogiado o garÃ§om Marques! Estamos orgulhosos de nossa equipe e faremos o necessÃ¡rio para continuar oferecendo experiÃªncias incrÃ­veis para nossos clientes.,13
Agradecemos por compartilhar sua experiÃªncia tÃ£o positiva! Ficamos encantados em saber que o atendimento do Audir e do Arthur tornou sua visita especial. SerÃ¡ sempre um prazer recebÃª-los na unidade Coco Bambu Ponta Negra. ğŸŒ…âœ¨,6,"Prezado(a) cliente, agradecemos por compartilhar sua excelente experiÃªncia em nossa unidade de Ponta Negra. Ã‰ um prazer saber que o atendimento gentil e atencioso de nossos colaboradores Audir e Arthur contribuiu para uma visita memorÃ¡vel. Parabenizaremos a equipe por seu destacado trabalho. Volte sempre, serÃ¡ uma honra recebÃª-lo(a).",0.79,Obrigado por compartilhar sua experiÃªncia impecÃ¡vel conosco! Estamos felizes em saber que vocÃª apreciou a comida deliciosa e o Ã³timo atendimento de nosso garÃ§om Klisman. VocÃª Ã© bem-vindo a nossas outras unidades!,14
"Que relato mais afetuoso! Ficamos encantados em saber que seu filho gostou tanto da refeiÃ§Ã£o e que nossa equipe, em especial o Sr. Ademar e o Sr. Ezequiel, proporcionou um atendimento acolhedor. Esperamos revÃª-los em breve para mais momentos deliciosos em famÃ­lia. ğŸ¤ğŸ’›",6,Ficamo-nos genuinamente comovidos com seu relato. Saber que seu filho amou nossa sugestÃ£o e que a cordialidade de nossos colaboradores Ademar e Ezequiel resultou em um gesto tÃ£o espontÃ¢neo e afetuoso nos enche de alegria. SÃ£o momentos como este que validam nossa dedicaÃ§Ã£o. Esperamos receber sua famÃ­lia novamente para mais experiÃªncias memorÃ¡veis.,0.89,Agradecemos por sua avaliaÃ§Ã£o positiva! Estamos felizes em saber que vocÃª se divertiu e apreciou o Ã³timo atendimento do garÃ§om Audir e Arthur. VocÃª Ã© bem-vindo a nossas outras promoÃ§Ãµes!,12
"Lamentamos profundamente o ocorrido e compreendemos a gravidade da situaÃ§Ã£o relatada. Por gentileza, pedimos que entre em contato conosco via mensagem privada para que possamos apurar o caso com prioridade e oferecer a devida assistÃªncia. Prezamos pela seguranÃ§a e bem-estar de nossos clientes, e essa situaÃ§Ã£o nÃ£o condiz com o padrÃ£o de qualidade que mantemos. ğŸ¤",9,"Prezada cliente, recebemos seu relato com extrema seriedade e preocupaÃ§Ã£o. Pedimos nossas mais profundas e sinceras desculpas pelo ocorrido. A seguranÃ§a alimentar e o bem-estar de nossos clientes, especialmente em sua condiÃ§Ã£o, sÃ£o nossa prioridade mÃ¡xima. Uma investigaÃ§Ã£o interna rigorosa sobre o ocorrido jÃ¡ foi iniciada. GostarÃ­amos de conversar diretamente para oferecer todo o suporte necessÃ¡rio. Por favor, entre em contato conosco atravÃ©s de nossa mensagem privada. Lamentamos imensamente e estamos Ã  sua inteira disposiÃ§Ã£o.",1.15,Agradecemos por sua gentileza! Estamos felizes em saber que nossa equipe foi capaz de atender Ã s necessidades do seu filho e oferecer uma experiÃªncia agradÃ¡vel para toda a famÃ­lia.,14
Ficamos imensamente gratos por sua avaliaÃ§Ã£o tÃ£o gentil. Ã‰ um prazer saber que o atendimento do Hermano e da Amanda contribuiu para tornar sua visita agradÃ¡vel. Esperamos recebÃª-lo novamente para mais momentos especiais conosco. ğŸŒºâœ¨,6,"Estimado(a) cliente, sua avaliaÃ§Ã£o Ã© muito importante para nÃ³s. Agradecemos imensamente pelos elogios Ã  nossa gastronomia e pelo reconhecimento ao atendimento prestado por Hermano e Amanda, bem como a toda a equipe. Ã‰ gratificante saber que a educaÃ§Ã£o e presteza de nossos colaboradores foram notadas. SerÃ¡ um prazer recebÃª-lo(a) novamente.",0.82,Lamento ouvir que sua experiÃªncia foi decepcionante. Agradecemos suas observaÃ§Ãµes sobre a qualidade da comida e faremos o necessÃ¡rio para melhorar. Seja bem-vindo a nos visitar novamente!,12
Agradecemos por compartilhar sua experiÃªncia tÃ£o positiva! Ã‰ um prazer saber que Ronaldo e Israel os receberam tÃ£o bem. Ficamos felizes que tenha apreciado o ambiente e esperamos revÃª-los em breve para novas ocasiÃµes especiais. ğŸŒ¿ğŸ’«,6,Agradecemos por sua avaliaÃ§Ã£o. Ficamos felizes que tenha considerado nosso espaÃ§o aconchegante e que a recepÃ§Ã£o de Ronaldo e Israel tenha contribuÃ­do para uma experiÃªncia positiva. Nosso objetivo Ã© sempre oferecer um ambiente acolhedor e um serviÃ§o de excelÃªncia. Esperamos sua prÃ³xima visita.,0.71,Obrigado por compartilhar sua experiÃªncia agradÃ¡vel conosco! Estamos felizes em saber que vocÃª se divertiu e apreciou o Ã³timo atendimento do Ronaldo e Israel. VocÃª Ã© bem-vindo a nossas outras unidades!,13
Que alegria saber que o restaurante se tornou um de seus favoritos! Agradecemos imensamente por reconhecer o trabalho do Ronaldo e do Israel â€” serÃ¡ um prazer recebÃª-los novamente para mais momentos inesquecÃ­veis. ğŸ¥‚âœ¨,6,"Prezado(a) cliente, Ã© uma honra imensa ser um de seus restaurantes favoritos e saber que suas experiÃªncias conosco sÃ£o sempre incrÃ­veis. Agradecemos por destacar o atendimento impecÃ¡vel de Ronaldo e Israel; eles ficarÃ£o muito felizes com o reconhecimento. Sua lealdade Ã© o nosso maior prÃªmio. Aguardamos ansiosamente por seu retorno.",0.86,Agradecemos por sua avaliaÃ§Ã£o positiva! Estamos felizes em saber que nossa equipe foi capaz de oferecer uma experiÃªncia impecÃ¡vel para vocÃª e sua famÃ­lia.,12
"Agradecemos por compartilhar sua excelente experiÃªncia conosco! Ficamos muito contentes que o atendimento da Carol, o ambiente e a mÃºsica tenham tornado sua visita tÃ£o agradÃ¡vel. Esperamos recebÃª-la novamente em breve para mais momentos especiais. ğŸ¼ğŸŒ¹",6,"Que satisfaÃ§Ã£o ler sua avaliaÃ§Ã£o! Muito obrigado por suas gentis palavras. Ficamos felizes em saber que o atendimento de nossa querida Carol, o ambiente e a mÃºsica ambiente lhe proporcionaram uma Ã³tima experiÃªncia. Transmitiremos seus elogios a ela e a toda a equipe. Volte sempre!",0.74,Obrigado por compartilhar sua experiÃªncia agradÃ¡vel conosco! Estamos felizes em saber que vocÃª se divertiu e apreciou o Ã³timo atendimento da Carol e do ambiente aconchegante,13