comment,response,tone,period,publication date,collection date,url,restaurant
"Experi√™ncia muito agrad√°vel, ao chegar pedimos mesa para 2, e mesmo o ambiente estando bem cheio conseguiram um local agrad√°vel na parte superior do restaurante, logo uma m√∫sica eletr√¥nica nos chamou aten√ß√£o e curiosidade, o sr. Yuri nos atendeu muito bem e fez a gentileza de nos apresentar de onde vinha o som, (em uma parte reservada h√° DJ, jogo de luzes, como uma balada, onde pode jantar, beber reservar para comemora√ß√µes etc muito atrativo funciona dias de sexta e s√°bado).
a comida estava muito boa, e pedimos drinks tem√°ticos, que estavam saborosos. Voltaremos com certeza!",Agradecemos a visita e esperamos que sua experi√™ncia tenha sido incr√≠vel. √â um prazer ter voc√™ por aqui.,,after,,,https://www.tripadvisor.com.br/Restaurant_Review-g303235-d12433911-Reviews-Coco_Bambu_Manaus-Manaus_Amazon_River_State_of_Amazonas.html,Coco Bambu Manaus
"Boa noite! Fui muito bem atendida desde da proposta inicial, a mo√ßa me ajudou com a proposta para que coubesse dentro do meu or√ßamento da forma que imaginava ent√£o devido a experi√™ncia ficou como eu queria at√© para firma de pagamento. Os meninos Matheus, Lucas e Giovanna foram espetacular me ajudando a montar a mesa exatamente como queria at√© melhor com todo material que trouxe me passando seguran√ßa em todo evento.",Agradecemos a prefer√™ncia e sua avalia√ß√£o. ‚ù§Ô∏è,,after,,,https://www.tripadvisor.com.br/Restaurant_Review-g303235-d12433911-Reviews-Coco_Bambu_Manaus-Manaus_Amazon_River_State_of_Amazonas.html,Coco Bambu Manaus
"Lugar excelente para um happy hour, ou jantar com a familia. Lugar acolhedor, com sofistica√ß√£o. Uma observa√ß√£o o feij√£o bai√£o estava muito al dente, poderia ser um mais m√°cio, o servi√ßo √© √≥timo. Pagamento de couver e ga√ßons √© opcional. Bom lugar","Ol√° ,
Agradecemos pela sua avalia√ß√£o! Seu feedback √© fundamental para continuarmos aprimorando nosso servi√ßo e proporcionando momentos especiais. Esperamos te receber novamente em breve!
Atenciosamente,",,after,,,https://www.tripadvisor.com.br/Restaurant_Review-g303235-d12433911-Reviews-Coco_Bambu_Manaus-Manaus_Amazon_River_State_of_Amazonas.html,Coco Bambu Manaus
"mpec√°vel. Fomos almo√ßar no Coco Bambu. Nem sei por onde come√ßar. Se pelo servi√ßo e simpatia do empregado Klisman se pela comida em si. Provei talvez o melhor torned√≥ / fil√© da minha vida e, aten√ß√£o, j√° estou bem perto dos 70. Recomendo.","Ficamos muito felizes em saber que sua experi√™ncia em nosso restaurante foi t√£o especial! üòä Agradecemos de cora√ß√£o por compartilhar seu feedback positivo. Cada detalhe √© pensado com muito carinho para oferecer o melhor aos nossos clientes, e √© √≥timo ver que conseguimos proporcionar uma refei√ß√£o memor√°vel para voc√™. Esperamos receb√™-lo novamente em breve para mais momentos incr√≠veis juntos! Muito obrigado por escolher nosso restaurante. üôèüèºüçΩÔ∏è‚ú®",,after,,,https://www.tripadvisor.com.br/Restaurant_Review-g303235-d12433911-Reviews-Coco_Bambu_Manaus-Manaus_Amazon_River_State_of_Amazonas.html,Coco Bambu Manaus
"O famoso coco bambu,deixou a desejar ... oferece um card√°pio online aonde os pre√ßos est√£o todos alterados no sistema..e deixa nos clientes insatisfeito na hora de efetuar o pedido porq n√£o sabemos qual pre√ßo certo","Ol√°! Me chamo Ricardo e sou um dos diretores da unidade. Lamento muito pela sua experiencia em nossa loja, trabalhamos diariamente para agradar nossos clientes e quando n√£o atingimos as expectativas, ficamos triste. Gostaria de ter a oportunidade de conversar com voc√™ e, assim, termos um feedback direcionado. Nos importamos com os direcionamentos dos nosso clientes para constantemente evoluirmos. Aguardo contato em nosso link. https://qr.cocobambu.com/Manaus_donos Att,",,after,,,https://www.tripadvisor.com.br/Restaurant_Review-g303235-d12433911-Reviews-Coco_Bambu_Manaus-Manaus_Amazon_River_State_of_Amazonas.html,Coco Bambu Manaus
"Experi√™ncia muito agrad√°vel, ao chegar pedimos mesa para 2, e mesmo o ambiente estando bem cheio conseguiram um local agrad√°vel na parte superior do restaurante, logo uma m√∫sica eletr√¥nica nos chamou aten√ß√£o e curiosidade, o sr. Yuri nos atendeu muito bem e fez a gentileza de nos apresentar de onde vinha o som, (em uma parte reservada h√° DJ, jogo de luzes, como uma balada, onde pode jantar, beber reservar para comemora√ß√µes etc muito atrativo funciona dias de sexta e s√°bado).
a comida estava muito boa, e pedimos drinks tem√°ticos, que estavam saborosos. Voltaremos com certeza!",Agradecemos a visita e esperamos que sua experi√™ncia tenha sido incr√≠vel. √â um prazer ter voc√™ por aqui.,,after,03/02/2024,18/10/2025,https://www.tripadvisor.com.br/Restaurant_Review-g303235-d12433911-Reviews-Coco_Bambu_Manaus-Manaus_Amazon_River_State_of_Amazonas.html,Coco Bambu Manaus
"Venho todo m√™s com esposo ap√≥s o s√°bado da minha p√≥s na iPog assim como vi hj amigos e professores . E a demora do shopping durante a promo√ß√£o o Happy hour √© absurda, principalmente ap√≥s as 19h. Se atendessem em menor tempo poss√≠vel, iriam proporcionar melhor experi√™ncia ao cliente. Maior venda dos produtos. E o pior pagar o couvert quase no final da experi√™ncia n√£o t√° certo. Deve ser pelo menos com uma hora de curtir o happy",‚ù§Ô∏è √â um prazer ter voc√™ por aqui. Volte sempre!,,after,10/11/2023,18/10/2025,https://www.tripadvisor.com.br/Restaurant_Review-g303235-d12433911-Reviews-Coco_Bambu_Manaus-Manaus_Amazon_River_State_of_Amazonas.html,Coco Bambu Manaus
"Boa noite! Fui muito bem atendida desde da proposta inicial, a mo√ßa me ajudou com a proposta para que coubesse dentro do meu or√ßamento da forma que imaginava ent√£o devido a experi√™ncia ficou como eu queria at√© para firma de pagamento. Os meninos Matheus, Lucas e Giovanna foram espetacular me ajudando a montar a mesa exatamente como queria at√© melhor com todo material que trouxe me passando seguran√ßa em todo evento.","Agradecemos a prefer√™ncia e sua avalia√ß√£o. ‚ù§Ô∏è
",,after,25/10/2023,18/10/2025,https://www.tripadvisor.com.br/Restaurant_Review-g303235-d12433911-Reviews-Coco_Bambu_Manaus-Manaus_Amazon_River_State_of_Amazonas.html,Coco Bambu Manaus
"Lugar excelente para um happy hour, ou jantar com a familia. Lugar acolhedor, com sofistica√ß√£o. Uma observa√ß√£o o feij√£o bai√£o estava muito al dente, poderia ser um mais m√°cio, o servi√ßo √© √≥timo. Pagamento de couver e ga√ßons √© opcional. Bom lugar","Ol√° ,
Agradecemos pela sua avalia√ß√£o! Seu feedback √© fundamental para continuarmos aprimorando nosso servi√ßo e proporcionando momentos especiais. Esperamos te receber novamente em breve!
Atenciosamente,",,after,16/07/2025,,https://www.tripadvisor.com.br/Restaurant_Review-g303235-d12433911-Reviews-Coco_Bambu_Manaus-Manaus_Amazon_River_State_of_Amazonas.html,Coco Bambu Manaus
"Ambiente aconchegante. Comida deliciosa, √≥timo atendimento, a cantora Nara da Mata impec√°vel, o nosso atendente Rodrigo super gentil e atencioso. Grata pela experi√™ncia, voltarei outras vezes com certeza.",‚ù§Ô∏è √â um prazer ter voc√™ por aqui. Volte sempre!,,after,11/11/2023,18/10/2025,,Coco Bambu Manaus
"Quero deixar um agradecimento especial ao gar√ßom Marques pelo atendimento incr√≠vel! Sua aten√ß√£o, simpatia e profissionalismo fizeram toda a diferen√ßa na nossa experi√™ncia. Obrigado por tornar nossa refei√ß√£o ainda mais especial! Voc√™ √© demais!
","√â um prazer ter voc√™ por aqui. Volte sempre!
",,after,18/08/2024,18/10/2025,https://www.tripadvisor.com.br/Restaurant_Review-g303235-d12433911-Reviews-Coco_Bambu_Manaus-Manaus_Amazon_River_State_of_Amazonas.html,Coco Bambu Manaus
"Impec√°vel. Fomos almo√ßar no Coco Bambu. Nem sei por onde come√ßar. Se pelo servi√ßo e simpatia do empregado Klisman se pela comida em si. Provei talvez o melhor torned√≥ / fil√© da minha vida e, aten√ß√£o, j√° estou bem perto dos 70. Recomendo.
","Ficamos muito felizes em saber que sua experi√™ncia em nosso restaurante foi t√£o especial! üòä Agradecemos de cora√ß√£o por compartilhar seu feedback positivo. Cada detalhe √© pensado com muito carinho para oferecer o melhor aos nossos clientes, e √© √≥timo ver que conseguimos proporcionar uma refei√ß√£o memor√°vel para voc√™. Esperamos receb√™-lo novamente em breve para mais momentos incr√≠veis juntos! Muito obrigado por escolher nosso restaurante. üôèüèºüçΩÔ∏è‚ú®

",,after,25/03/2025,18/10/2025,https://www.tripadvisor.com.br/Restaurant_Review-g303235-d12433911-Reviews-Coco_Bambu_Manaus-Manaus_Amazon_River_State_of_Amazonas.html,Coco Bambu Manaus
"Tivemos uma √≥tima experi√™ncia na unidade Coco Bambu Ponta Negra, em Manaus Um excelente atendimento com o gar√ßom Audir, super gentil e atencioso. O Arthur tamb√©m nos ofereceu um √≥timo atendimento. Est√£o de parab√©ns!
","Ol√°, Muito obrigado pela sua avalia√ß√£o! √â uma alegria saber que sua experi√™ncia foi positiva. Seu feedback nos inspira a seguir aprimorando nossos servi√ßos e oferecendo momentos cada vez mais especiais. Esperamos rev√™-lo em breve! Atenciosamente,",,after,25/08/2025,18/10/2025,https://www.tripadvisor.com.br/Restaurant_Review-g303235-d12433911-Reviews-Coco_Bambu_Manaus-Manaus_Amazon_River_State_of_Amazonas.html,Coco Bambu Manaus
Comida indicada muito gostosa. Meu filho amou! Ainda levamos para casa dele um boa por√ß√£o. Seu Ademar e seu Ezequiel nos atenderam super bem. Ao ponto de meu filho mais novo levantar e dar um abra√ß√£o no seu Alelar.,√â um prazer ter voc√™ por aqui. Volte sempre!,,after,14/09/2023,18/10/2025,https://www.tripadvisor.com.br/Restaurant_Review-g303235-d12433911-Reviews-Coco_Bambu_Manaus-Manaus_Amazon_River_State_of_Amazonas.html,Coco Bambu Manaus
Comi uma pescada amarela ao molho de alcaparras ontem. E o peixe estava estragado. Meu marido amanheceu com desarranjo intestinal. Eu avisei a atendente sobre a textura do peixe estar estranha um peixei em posta parecia um pur√™ quando se comia. Estou gr√°vida e pegar uma infec√ß√£o simplesmente √© risco de perder o beb√™.,"Oi Glauciacamposgoetttudo bem? Primeiramente, lamentamos pelo ocorrido üòï Vamos solicitar que a situa√ß√£o seja verificada e vamos confirmar o que houve, mas para isso, precisamos que encaminhe o ocorrido para sac@ocamarada.com.br com um telefone para contato! Esperamos te atender novamente, para proporcionar uma experi√™ncia de excel√™ncia em qualquer lugar! De toda forma, gostaria de refor√ßar que seguimos os padr√µes de verifica√ß√£o e conserva√ß√£o dos alimentos, para servirmos itens com qualidade aos nossos clientes! Fico no seu agardo para continuidade do atendiemtno! Atenciosamente, Equipe Camarada Camar√£o ü¶ê",,after,01/11/2023,18/10/2025,https://www.tripadvisor.com.br/Restaurant_Review-g303235-d24175476-Reviews-Camarada_Camarao_Manaus_Manauara_Shopping-Manaus_Amazon_River_State_of_Amazonas.html,Camarada Camar√£o
Gostaria aqui de deixar minha avalia√ß√£o pela comida maravilhosa e tb pelo atendimento do gar√ßom Hermano e tb a Amanda mas em geral todos atendentes s√£o educados e prestativos! Super recomendo esse local,"Muito obrigado por sua avalia√ß√£o! √â bom saber que voc√™ ficou satisfeito com o nosso servi√ßo. N√≥s ficamos gratos por sua prefer√™ncia e te esperamos para uma pr√≥xima visita em breve.
Com carinho,
Equipe Coco Bambu",,after,19/09/2025,18/10/2025,https://www.tripadvisor.com.br/Restaurant_Review-g303631-d3419295-Reviews-Coco_Bambu_JK-Sao_Paulo_State_of_Sao_Paulo.html,Coco Bambu Manaus
"Espa√ßo muito aconchegante. Fomos muito bem recepcionados pelo Ronaldo e Israel, com certeza um espa√ßo incr√≠vel para vir mais vezes.","Muito obrigado por sua avalia√ß√£o! √â bom saber que voc√™ ficou satisfeito com o nosso servi√ßo. N√≥s ficamos gratos por sua prefer√™ncia e te esperamos para uma pr√≥xima visita em breve.
Com carinho,
Equipe Coco Bambu",,after,18/09/2025,18/10/2025,https://www.tripadvisor.com.br/Restaurant_Review-g303631-d3419295-Reviews-Coco_Bambu_JK-Sao_Paulo_State_of_Sao_Paulo.html,Coco Bambu Manaus
"Experi√™ncia sempre incr√≠vel nesse restaurante que j√° √© um dos meus favoritos, sem contar o atendimento impec√°vel do gar√ßom Ronaldo e do Israel, sem d√∫vidas um dos melhores atendimento que j√° tivemos.","Muito obrigado por sua avalia√ß√£o! √â bom saber que voc√™ ficou satisfeito com o nosso servi√ßo. N√≥s ficamos gratos por sua prefer√™ncia e te esperamos para uma pr√≥xima visita em breve.
Com carinho,
Equipe Coco Bambu",,after,18/09/2025,18/10/2025,https://www.tripadvisor.com.br/Restaurant_Review-g303631-d3419295-Reviews-Coco_Bambu_JK-Sao_Paulo_State_of_Sao_Paulo.html,Coco Bambu Manaus
"√ìtima!!! √ìtimo atendimento (pela Carol, uma querida), ambiente agrad√°vel, bonito, m√∫sica ambiente na medida certa! Muito bom.
","Ol√°! Agradecemos sua avalia√ß√£o! Avalia√ß√µes preciosas como essa s√£o a nossa inspira√ß√£o para seguir fazendo melhor o que fazemos. Conte sempre conosco! E at√© uma pr√≥xima visita.
Com carinho,
Equipe Coco Bambu",,after,04/09/2025,18/10/2025,https://www.tripadvisor.com.br/Restaurant_Review-g303631-d3419295-Reviews-Coco_Bambu_JK-Sao_Paulo_State_of_Sao_Paulo.html,Coco Bambu Manaus